Clip_1,asante kwa zawadi ya roho wako mtakatifu roho wa kweli roho wa nehema hee roho wa maharifa kwenye maisha yetu
Clip_2,asante bwana kwasababu pamoja na maumivu tulio nayo pamoja na changamoto inawezekana tunazopitia pamoja na ha
Clip_3,hali zingine ambazo hatuzielewi wakati mwingine kwenye maisha yetu lakini bado janbo moja tunaelewa ya kwamba wewe upo pamoja na sisi na bwana bado unaweza
Clip_4,za kufanya njia hata pasipo na njia tunakushukuru roha mtakatifu wa bwana kwa ajili ya kutunyanyua kutupa nehema  na kutupa hatua nying
Clip_5,ine tena tunajikabidhi mikononi mwako siku nyingine tena leo ili bwana ukazungumze na maisha yetu ukaseme na mioyo yetu ukatu
Clip_6,gange ukatuponye na ukafanye jambo ulilokusubia kulifanya kwa ajili yetu katika jina la Mungu baba mwana na roho mtakatifu kana unaamin
Clip_7,mshangilie bwana Yesu kwa makofi mengi makofi mengi mengi mengi mengi ya utukufu aleruya
Clip_8,Amen Amen aya mkaribishe jilani yako mwambie karibu nyumbani mwa bwana katika jina la Yesu
Clip_9,Kristo alafu naomba jamani wale ambao tumekaa kule nyuma kabisa tumejificha basi tusogee mbele unajuaaa
Clip_10,n’ghe shuleni ulikuwa back bencher kazini inawezekana ni back bencher sasa hadi kanisani tena unakua back bencher hebu sogea mbele  kidogo
Clip_11,en’ghe naomba tafadhari wale ambao tumekaa kule tusogee mbele ninaa ninatamani tutu kuwa na co
Clip_12,contact na sisi kwa sababu ya aina ya somo ambalo ntafundisha natamani tuu mtumishi wa Mungu Bwana Yesu asifiwe sana
Clip_13,Amen basi karibu usogee tena Amen jamani bwana Yesu asifiwe
Clip_14,en’ghe watu wa Mungu bwana Yesu asifiwe Amen Amen haa tunamshukuru Mungu kwa ajili ya jumatano ya leo ambayo ametupa
Clip_15,Naa kipekee sana tuko nyumbani mwa Bwana naa ni jumatano ambayo ninaamini kula mtu amejiandaa amekuja biblia
Clip_16,yake na kila mtu amekuja na sehemu yake ya kuandikia kwa sababu tunakwenda kujifunza kutokea kwenye maneno ya Mungu Bwana Yesu asifiwe  lakini labla
Clip_17,sijaenda kwenye somo ambalo nitafundisha leo nitoe tu ahh tangazo hili kwa niaba ya mchungaji kiongozi ambaye tunafahamu amesafiri yuko Arusha naah
Clip_18,anawasalimia lakini pia kuanzia jumatano ijayo Mungu ametupa neema tutakuwa na semina mpaka jumapili hapa kanisani khuu Amen
Clip_19,Wewe umenielewa Mungu akubaliki sana naah mtumishi wa Mungu Denis Masawe kutokea Marekani atakuwepo hapa kuanzia jumatano
Clip_20,mpaka jumapili naah jumamosi itakuwa ni siku special kabisa ambayo atakaa na praise and worship team pamona na kwaya watakuwa na siku yao
Clip_21,kwahiyo tafadhari mnaombwa twendelee kuliombea hili kwenye maombi yale ya asubuhi viongozi twendelee kuiweka iyo semina mbele za Bwana kwenye maombi ya ijumaa naa kama mshi
Clip_22,lika mmoja mmoja tuendelee kuiombeya ili iyo semina inayokuja basi Mungu atufanyie njia na kile ambacho amekiandaa kwa ajili yetu kikatokee katika jina la Yesu A
Clip_23,men all light  sawa twende kwenye neno la Mungu naah ninapata msukumo ninajua tume tume tumekubaliana kutembea kwan
Clip_24,nza kufundisha kitabu cha matendo ya mitume lakini kabla si hatujaingia deep huko nimetamani nianze kuongea kwa habali ya Roho mtakatifu kwahiyo kwa siku
Clip_25,kadhaa ambazo Mungu atatupa Neema mpaka ntakapo maliza nitaanza kufundisha kwa habari ya Roho mtakatifu jamani bwana Yesu asifiwe na ninatamani Mungu anipe Neema ya kufun
Clip_26,ndisha zaidi kuliko kuhubili kwahiyo kama unaniombea muombee mchungaji Fred asihubili afundishe kwasababu kuna vitu vingi ninavyotamani kuvifundisha kwenye
Clip_27,hii series ya Roho mtakatifu naa nitaanza kufundisha naa mlengo wangu wa Roho mtakatifu nitafundisha kitu kinachosema kutembea katika Roho kute
Clip_28,mbea katika Roho mpaka tunapofika kumaliza kwa wale wanao andika tutakuwa tumeona namna sasa ya kutembea katika
Clip_29,Roho lakini nitaanza kufundisha kutokea kwenye ahh foundation kama msingi wa kwanza kabisa nitaanza kufundisha kutokea mbali kabisa  mpaka tutakapo fika mahali a
Clip_30,mbapo tutafika mahali ambapo tutaona namna gani ambavyo tunaweza kutembea katika Roho aya kitabu cha Yoeli sura ile ya pili na ule mstalia ishilini na nane nitaanza hapo japokuwa
Clip_31,nitakuwa na maandiko mengi kidogo lakini nitasoma kutokea kwenye kitabu cha Yoeli sura ile ya pili mstali wa ishilini na nane alafuu tena nitakupeleka kwenye kitabu
Clip_32,kitabu cha mwanzo sura ile ya kwanza kabisa kitabu cha mwanzu sura ile ya kwanza kuanzia ule msitali waa
Clip_33,kwanza mpaka ule msitali wa tatu nitakupeleka apo natamani tuone hasahasa itaa itakuwa kuanzia msitali wa wa kwanza
Clip_34,mpaka wa tatu kitabu cha Yoeli kama tumefika wote apo naa tutaenda kwenye kitabu cha mwanzo alafu kwa kadri tunavyozidi kwenda nitakuwa nikiendelea ku discloser
Clip_35,kwa kuchambua aya maandiko mengine kumbuka tunafundisha ninaanza kufundisha series ya Roho mtakatifu Amen Biblia inasema hata itakuwa baada
Clip_36,ya hayo hata itakuwa baada ya hayo yakwamba nita mimina Roho yangu juu ya wote wenye mwili na wana wenu waume
Clip_37,kwa wake watatabili wazee wenu wataota ndoto na vijana wenu wataona maono ebu kama tunaweza kusoma tusome tena kua
Clip_38,nzia pale msitali uo wa ishilini na nane wote moja mbili tatu kwa sauti hata itakuwa
Clip_39,                                                                                                 na
Clip_40,vijana wenu                 all light matendo ya mitume sura ya pili twende hapo kwanza sura ya pili matendo ya mitume msitali wa kumi na sita na msitali wa kumi na saba
Clip_41,kitabu cha matengo ya mitume sura ya pili ule mstali wa kumi na sita na kumi na saba hii maiki yangu inakata kwahiyo kama nitapata maiki nzuri zaidi
Clip_42,ntashukuru anasema kwenye matendo ya mitume sura ya pili twende moja mbili tatu lakini jambo hili ni lile lililonenwa na
Clip_43,kinywa cha nabii Yoeli itakuwa itakuwa siku za mwisho stop hapo itakuwa siku za mwisholakini ukirudi kwenye Yoeli
Clip_44,mbili ishirini na nane tuliyo isoma actually kinachotokea kwenye kitabu cha matendo ya mitume sura ya pili huu msitali wa kumi na sita maana yake ni  uthibitis
Clip_45,sho wa Yoeli sura ya pili iyo tulio isoma jamani bwana Yesu asifiwe kwahiyo sasa Yoeli ahha Petro ana verify kile ambacho kilitamkwa na Yoeli
Clip_46,Kwenye hiki kitabu cha Yoeli sura ya pili msitali wa ishirini na nane anasema anasema ya kwamba anasema ya kwamba lakini jambo hili limenenwa na  kinya cha nabii
Clip_47,Yoeli ya kwamba itakuwa siku za mwisho sasa ukienda kwenye tafsili zingine ilo neno siku za mwisho utaona anatumia Yoeli kule ana
Clip_48,enda anasema baada ya hayo jamani bwana Yesu Asifiwe kwenye Yoeli mbili ishirini na nane anasema hata itakuwa baada ya hayo lakini Petro anapokuja kutafsili hata itakuwa siku
Clip_49,za mwisho maana yake ukienda kwenye tafsili nyingine ya kitabu hicho cha Yoeli kule pale naposema itakuwa baada ya hayo utaona anatumia neno hili anasema itakuwa siku  za mwishi
Clip_50,kwa hiyo tutapata tafsili ya hili neno siku za mwisho anamanisha kitu gani kwa kadri tunavyozidi kwenda anasema sasa ule msitali wa kumi na saba kinywa cha nabii Yoeli ya kwamba itakuwa  siku za mwisho
Clip_51, Mungu atamwagia watu wote Roho yangu na wana wenu na bint zenu watatabili na vijana wenu watana mao
Clip_52,no na wazee wenu wataota ndoto kitabu cha mwanzo sura ya kwanza twende kuanzia mstali wa kwanza mpaka wa nne anafu tuanze kutembea kutokea apo mwanzo
Clip_53,moja mpaka nne biblia inasema apo mwanzo Mungu aliziumba mbigu na nchi nayo nchi
Clip_54,ilikuwa ukiwa tena utupu na giza lilikuwa limetanda juu ya uso wa vilindi vya maji alafu unaona msitali unao
Clip_55,uouo unasema Roho wa Mungu msitali wa pili akatulia juu ya uso wa maji Roho wa Mungu akatulia juu
Clip_56,u ya uso wa maji sasa hii kwenye mwanzo moja mbili anaposema Roho wa Mungu ndiyo yuleyule Roho mtakatifu
Clip_57,jamani bwana Yesu asifiwe anaposema Roho wa Mungu indiyo yuleyule Roho mtakatifu sasa ukisoma agano jipya na agano la kale utaona Roho mtakatifu ame
Clip_58,Tajwa kuanzia kwenye kitabu cha mwanzo kabisa na hapa ndiyo kwa mara ya kwanza Roho mtakatifu anaonekana kwenye kitabu cha mwanzo sura ya kwanza kwahiyo unaona nijinsi gani ambavyo Roho wa Mungu ni muhimu kitabu cha
Clip_59,Mwanzo sura ya kwanza Roho wa Mungu anatajwa lakini utaona tofauti yaagano jipya na agano la kale tofauti kwenye agano jipya Roho mtakatifu indiye anatajwa sana
Clip_60,na kwenye agano la kale utaona neno linalotajwa sana ni Roho wa bwana ana Roho wa Mungu jamani bwana Yesu asifiwe lakini unapoona Roho
Clip_61,wa bwana ama Roho wa Mungu manake ndiyo huleyule ambaye anitwa nani Roho mtakatifu kwahiyo usichanganye agano la kale ukisoma Roho wa brwana Ro
Clip_62,oho  wa Mungu ukaona agano jipya Roho wa mtakatifu ujue ni kitu kimoja kinachozungumziwa sawa sasa tumesoma maandiko haya ambayo tumeyasoma
Clip_63,Naaa ukisoma kwenye andiko kuu ambalo tumelisimamia Yoeli sura ya pili ndipo mahali ambapo utaona roho mtakatifu ana
Clip_64,anahaidiwa anatajwa kama hahadi kwa kanisa ama kizazi cha siku za mwisho utaona ukisoma ichi
Clip_65,kitabu utaona Yoeli anapoandika anasema ata itakuwa baada ya apo ya kwamba nitamimina Roho wangu juu ya wote wenye mwili natamani upate picha kubwa sana hapa natani
Clip_66,upate picha kuwa kwanini hichi kitabu cha Yoeli kinakuwa very special kwa habari ya Roho mtakatifu ni kwasababu Roho huyo mtakatifu tunayemuona kwenye
Clip_67,kitabu cha mwanzo sura ya kwanza through out the bible asa kwenye agano la kale utaona ni Roho mtakatifu ambaye alifanya kazi
Clip_68,katika maisha ya watu ama alifanya kazi pamoja na watu lakini alikuwa anaishi ndani ya watu jamani bwana Yesu asif
Clip_69,iwe na hii ni muhimu sana ukaelewa unajua kuwa watu nimewahi kusikia hata wahubili wengine wengi wanasema kwamba natami ningezaliwa kipindi cha alika Elia
Clip_70,natami ningezaliwa kipindi cha kina Musa kwa sababu anaona ya kwamba akina Musa walikuwa wana Mungu aliwatumia kugawanya bahari kuna wengine anaona Elia alishusha moto an
Clip_71,tamani na yeye angefika aseme Mungu shuka kwa njia ya moto moto ukashuka anasema wale wameishi kwenye kipindi bora lakini ukweli ni kwamba sisi tulio katika
Clip_72,kanisa la kipindi cha mwisho tunaishi kwenye wakati bora na wenye nguvu zaidi kuliko wakati wa akina Elia kuliko wakati wa akina Musa
Clip_73,haaaaa sasa kuna mtu amebisha hapo en’ghe sis tunaishi yani sio lazima moto kutoka Mbiguni ushuke na moto ukashuka sikiliza nikwambie
Clip_74,unafahamu mara zote Mungu kwenye agano la kale amejidhibitisha kwa hishala mbalimbali kwahiyo sasa hivi Roho mtakatifu ni moto kwahiyo maana yake moto wa Mungu umeshuka ndani yako
Clip_75,hakuna haja wa moto huu physical kushuka hayaaaa na ndio maana mtu mwenye Roho mtakatifu anaweza akawa anaongea kwa lugha anapo nena kwa lugha  ile
Clip_76,Roho mtakatifu kuna vitu vinatokea kwenye ulimwengu wa Roho umewahi kunenena kwa lugha ya roho mtakatifu alafu kuna mtu ndani anasema ninasikia kama unaniunguza
Clip_77,kusema kwa Roho mtakatifu kuna mtu mwenye pepo akasema unaniunguza kwa sababu gani moto wa Mungu unawaka nadani yako jamani bwana yesu asifiwe kwahiyo nizaidi wale wakina Elia
Clip_78,kuna siku wanasubilia moto ukishuka siku hiyo ana hukika kama sikunyingine utashuka lakini wewe moto unatembea nao nadni yako maana moto  ni Roho mtakatifu
Clip_79,aliyeko nadni yako ebu sema Amen jamani bwama Yesu asifiwe kwahiyo sasa utaona anapoandika nimekwambia  Roho mtakatifu anapoandika
Clip_80,Roho mtakatifu ana anatabili kwa habari ya siku za mwisho sasa ngoja tulichambue hili andiko kabla hatujaenda kuna ku deep anaposema itakuwa baada
Clip_81,baada ya hayo ama itakuwa siku za mwisho siku za mwisho ni siku gani maana watu wengi wanachanganya kati ya siku ya mwisho
Clip_82,na siku za mwisho aya ni mambo mawili tofauti sana wakati nafundisha kuna wakati niliwai kufundisha series ya ya matukio ya siku za mwisho hapa nikakwambia
Clip_83,kuna tofauti kati ya siku ya mwisho unaposoma biblia na siku za mwisho anaposema itakuwa baada ya shayo ama itakuwa siku za m
Clip_84,mwisho anamaanisha siku za mwisho zilianza ppale kanisa la Yesu Kristo lilipozaliwa 
Clip_85,n’gten’gte  bwana Yesu asifiwe 
Clip_86,na kanisa la Yesu halijazaliwa siku Yesu alipozaliwa kanisa la Yesu Kristo kanisa la Yesu Kristo halijazaliwa siku Yesu  alipo surubiwa kanisa la Yesu halija
Clip_87,zaliwa siku Yesu alipo ondoka kanisa la Yesu lilizaliwa siku ambapo Roho mtakatifu alishuka kwenye kanisa kwayiyo kanisa la Yesu Kristo
Clip_88,kwa wale wanao andika limezaliwa chini ya uangalizi wa Roho mtakatifu ama nikifundisha uwa napenda kusema neno hili kanisa la Yesu Kristo limezaliwa chi
Clip_89,ini ya mgunga anaitwa Roho mtakatifu kanisa la Yesu Kristo limezaliwa chini ya uangalizi wa Roho mtakatifu now nimefundisha mara nyingi hapa naomba niseme tena
Clip_90,unatakiwa uhelewe hichi kitu kinachoitwa ufalme wa Mungu kinafanya kazi katika principles kinafanya kazi katika kanuni kina
Clip_91,fanya kazi katika taratibu sasa hili uelewe Yoeli anapoongea kwa habari ya baada ya hayo anapoongea kwa habari ya siku za mwisho ndio unaona sasa
Clip_92,kwenye kile kitabu cha matendo ya mitume sula ya pili utaona sasa ule msitali wa kumi na sita na kumi na saba ndio Petro ana verify ama anadhibitisha yakw
Clip_93,amba zile siku za mwisho zilizo tabiliwa na nabii Yoeli ndio hii kwasababu ukisoma hii sura ndipo mahari ambapo Roho wa Mungu alishuka na baada ya Roho mtakatifu kushuka
Clip_94,kwenye sura ya matendo ya mitume kitabu cha pili ya sura ya pili ya kitabu cha matendo ya mitume biblia inasema kwamba Roho wa Mungu alipo shuka naomba huyo mtoto asaidiwe tafadhali Roho wa mundu aliposhuka  biblia inasema
Clip_95,ema kilicho tokea baada ya hapo wote wakajazwa na Roho mtakatifu walipojazwa na Roho mtakatifu wakaanza kunena kwa Lugha mpya kama ambavyo nani? Bwan
Clip_96,na aliwajalia kunena na biblia inasema katika ile nchi ama siku ile ya pentekoste kulikuwa na watu kutoka mataifa mbalimbali na kuna kitu ambacho natamani uki
Clip_97,one mara zote Mungu anapfanya jambo uwa anafanya kwa mpango jamani bwana Yesu asifiwe na ndio maana Roho mtakatifu anashuka siku ambayo wa
Clip_98,tu wa mataifa yote watu wa tauwa  kutoka duniani kote wamekusanika Yelusalemu na biblia inasema Riho mtakatifu aliposhuka wakaanza kunena kwa Lugha sasa pia uelewe kwa wale
Clip_99,wanao andika tunaponena kwa lugha kuna aina tatu ya kunena kwa lugha tunaponena kwa lugha kuna aina tatu ya kunena kwa lugha aina ya kwanza ya
Clip_100,kunena kwa lugha ni kunena kwa lugha za wanadamu iina ya pili ya kunena kwa lugha ni kunena kwa lugha za malaika aina ya tatu ya kunena kwa lugha ni kunena kwa
Clip_101,lugha ambayo wewe pia hata hauilewi lakini ni Mungu pekeyake indiyo anaelewa ntakutajia majina yake hayo tote kwa kadri tunavyo endelea jamani bwana Yesu asiifiw
Clip_102,e na anaposema tunanena kwa lugha za unaona kuna wakati Paulo anaandika ansema nijaponena kwa lugha za wanadamu ama za nini ama za malaika kama sina upendo mimi nime
Clip_103,kuwa sio kitu ni shabe isiyo fanya kitu chochote maana yake kumbe kuna wakati tunanena kwa lugha za wanadamu kuna wakati tunanena kwa lugha za malaika lakini kuna wakati tunanena kwa lugha ambayo ni Mungu mwenyewe
Clip_104,ndiyo anaisikia na ndo maana kuna mahali paulo anaandika anasema anenaye kwa lugha haongei na wanadamu bali anafanyaje? Anaongea na nani? Na Mungualafu kuna wakati anasema a
Clip_105,nenaye kwa lugha anajijenga nafsi yake mwenyewe kwahiyo kwa kadri tunavyo endelea kwa habari ya Roho mtakatufu tutajifunza huko mbele pia hata namna kwa nini
Clip_106,tunanena kwa lugha na kwanini kuna wakati Roho mtakatifu anaturuhusu tunene kwa namna fulani hivi unajua kuna wakaki Roho mtakatifu anaweza kushuka juu yako ukaanza kuongea kijapani
Clip_107,na huku hujawahi kusoma kijapani ahayaa siku moja nakumbuka nikiwa nimeenda nimeenda tabora ni
Clip_108,kawa nimeenda kumu kumtembelea moja kati ya wazee za mzee Rusito alikuwa amekuja kwenye semina ambayo nilikuwa ninafanya pale wakati ameniita yule ananiombea  nilipopiga magoti 
Clip_109,nilimsikia kwa masikio yangu alikuwa anaomba kwa kiswahili babade akaswitch akaswichi katika kunena kwa lugha kwa masikio yangu nikamsikia mzee Ruzito alikuwa
Clip_110,ana anaongea kifaransa na ninajua yule mzee hawezi kuongea kifaransa kwa masikio yangu kwahiyo sio mambo ambayo hayatokei kwasasahivi ni mambo ambayo yanatokea 
Clip_111,na kuna shuhuda nyingine nyingi nyingi watu waliwahi kuwasikia watu wanaongea nimewahi kusikia ushuhuda wa mama mmoja aliwahi kwenda kwenye nchi fulani ya kigeni yeye ni mjapani ameenda kwenye nchi ya kigeni katikati ya maombi akamsha
Clip_112,ngaa kuna mtu yuko mbele yake anaongea kijapani anaongea kijapani anaongea kijapani alafu baada ya ibada akajua huyu mtu labda atakuwa anafahamu kijapani akaenda akamsalimia  kwa kijapani
Clip_113,alafu akaona my anamuangalia macho anamsalimia tena anaona mtu anamuangalia macho hivi  akamwambia lakini nilikuwa nakusikia una
Clip_114,unaongea kijapani hasikii chochote kumbe ni Roho wa Mungu alishuka yule mtu bila kujua akaongea kijapani ndio hizo ruga za wanadamu na malazote
Clip_115,Roho wa Mungu anaposhuka namna hiyo uwa kunakuwa kunakusudi flani ama kunaujumbe anawa anautuma kwa watu wa namna hile ahhaaa okay ebu ngoja turudi hapa rudi kwenye kitabu cha matendo ya
Clip_116,mitume sura ya pili ili nisikupoteze na uzuri hii ni series kwahiyo tuna tunaenda atua kwa atua jamani bwana Yesu asifiwe hi
Clip_117,vi naeleweka ehe okay Amen mh mkiwa siliasi sana najua hamjanielewa e’gten’ten’ten’te mnanieleta Mungu
Clip_118,awabaliki sana kitabu cha matendo ya mipeleke hapo sura ya pili ni ni nipeleke kuanzia sura yaaa mstali wa kwanza kabisa hapo kwenye matendo ya mitume ahaa sura ya lipi kuanzia mstali wa kwa
Clip_119,nza anasema unaona okay okay okay anasema hata ilipotimia sik siku ya pentekoste walikuwako wote mahali pamoja kukaja ghafla kutoka mbing
Clip_120,uni uvumi kama uvumi wa upepo uendao kwa kasi oigia neno mstali hili neno uvumi kama uvumi wa upepo ili neno upepo lina maana kubwa sana tutalionge
Clip_121,rea badae kama uvumi wa upepoo  naa wa mvumo wa upepo mkali uendao kwa kasi ukaijaza nyumba yote waliokuwa wameketi twende biblia inasema  kukawa
Clip_122,tokea ndimi zilizogawanyika kama ndimiza motoo uliowakalia kila mmoja wao twende anasema Wote wakajazwa Roho mtakatifu  tusome m
Clip_123,oja mbili tatu kwa pamoja mstali wa nne wote wakajazwa na roho mtakatifu waakaanza kunena kwa lugha okay subili
Clip_124,subili subili subili wakaanza kunena kwa lugha wakaanza kunena kwa lugha nyingine maana yake kuna lu
Clip_125,gha kabla ya hapo walikuwa wanainena lakini Roho mtakatifu aliposhuka walianza kunena kwa lugha nyingine sio kwa lugha ya Roho mtakatifu kwa lugha nyingine tul
Clip_126,ia hapo kwanza sio kwa lugha ya Roho mtakatifu ni kwa nini? Nyingine unajua ili andiko tukilisoma uwa tunasoma ma tunasoma haraka haraka tunadhani walianza kusema lamakashasha 
Clip_127,sha han’ha han’ha hawakunenea hivyo haaaha wakaanza kunena kwa lugha nyingine kama nini? Kama Roho
Clip_128,alivyo wajalia kutamka maana yake kanisa linapozaliwa kilichotokea hakukuwa na lugha za malaika kulikuwa na lugha za wan
Clip_129,adamu ahya mchungaji umetoa wapi twende mstali wa tano wakaanza kunena kwa lugha nyingine na walikuwako Yelusalemu wayau
Clip_130,di waliokaa watu watahuwa watu wakila taifa chini ya mbigu soma taratibu hapowatu wakila Taifa chini ya mbingu twende mstali wa sita unao fuata anasema basi sau
Clip_131,ti hii ilipo sikiwa na makutano walio kutanika wakashikwa na fadhaa ukisoma tafsili nyingine hapo wakashikwa na fadhaa anasema wakashangaa kwa kuwa 
Clip_132,kila mmoja aliwasikia wakisema kwa lugha yakee unaikumbuka ile lugha nyingine? Maana
Clip_133,yake katika wale mia na ishilini ambao Roho wa Mungu alishuka katikati yao kuna watu walikuwa wananena kwa kingereza na wao sio waingereza 
Clip_134,kuna watu wakawa wanaongea kiarabu kuna watu wakawa wanaongea kishwahili kuna watu wakawa wanaongea lugha yoyote iliyo kuwepo kwa wakati huo na kitu kilicho
Clip_135,kuwa kinatokea wale watu wakawa wanashangaa huyu Petro tunamjua mtu wa Galilaya leo amewezaje kuongea kiitalyana?  A
Clip_136,amewezaje kuongea kiitalyana Petro anaongea kiitalyana unakuta yakobo hajuhi kichaga anaongea kichaga kama kungekuwa kuna wanyakyusa unamshangaa Simon wa
Clip_137,wa petro kyalaaa kyala abamaka watu wanashangaa hahhaakuna kitu gani na ndio maana anasema wakaingiwa na nini? Na fadhaa kwahiyo usi usiwa
Clip_138,I tunapo ongea kwa habari ya kunena kwa lugha usiwahi kwasababu kuna dimessions za kunena kwa lugha na katika jina la Yesu nakuombea Mungu akakupe hiyo Neema kwa jina la Yesu Kristo
Clip_139,ukanene kwa viwango ambavyo na utakapo anza kujua hizi dimessions kiwango chako cha Roho na imani kitapanda na kiwango chako cha imani kikipanda kuna
Clip_140,mambo wakati mwingine utayaamlisha kwa kunena tu kwa lugha na yatasikia katika jina la Yesu Kyiie Unajua en’te niliwahi kusema hapa ngoja niseme tena 
Clip_141,hii lugha ya Roho tungeelewa nguvu iliyopo katika lugha ya kunena kwa Roho mtakatifu tusingekuwa tuna tuna tusingekuwa hivi tulivyo
Clip_142,tusinge kuwa tunadhalau dhalau hii swala la Roho mtakatifu ngoja nikwambie inawezekana wewe usijue kinachotokea wakati unanena lakini kwenye ulimwengu wa Roho aliyeko
Clip_143,rohoni yeyote anaelewa kuna frequency zinatokea ngoja mbuzi akikutana na mbuzi mwingine akisema meee sisi tunasema amepiga kelele ila wale mbuzi
Clip_144,zi kuna lugha wameongea haaaahaaha ha ha ha n’he lishahi kuona punda wamekutana wanasema anha anha nhii unasema wamepiga kelele
Clip_145,kgwacha ke hahaha wale katika uliwengu wao wa ounda kunavitu wamewasiliana wameongea haaaa si ndio Roho wa Mungu
Clip_146,anafanya vitu kwenye maisha angalia mimba ya Elizabeti mama wa Yohana mbatizaji na mimba ya Mariamu mala tu walipokutana wale wa
Clip_147,mama walikuwa wamebeba mimba mmoja anamimba ya miezi mitatu mwingine ndio mimba imeingia biblia inasema Yohana alipo ona alipo jua walipokutana Elizabetina Mariamu watoto ndani
Clip_148,ni walisalimiana kwa sababu gani? Kwenye ulimwengu wa Roho kuna vitu visvyo sikia vinasikia kwenye ulimwengu wa Roho kuna vitu visivyo onekana vinaonekana  Yohana 
Clip_149,kwa sababu alikuwa ni mnadhili wa Mungu aliyetumwa kutengeneza njia ya Yesu Kristo na Yesu alikuwa ni mnadhili wa Mungu aliye tumwa kwa ajili ya kuja kukomboa ulimwengu
Clip_150,gu hawa ofisi zao zinafuatana kwahiyo yohana alipoiona mimba ya Yesu Kristo akiwa katika Roho akajua huyu ni Yesu haaaaa
Clip_151,a lakini Yohana yule yule ambaye alimsalimia Yesu akiwa tumboni alipoludi kwenye ulimwengu wa mwili vyuma vikakaza siku moja amefungwa  a
Clip_152,amefungwa amefungwa amefungwa amefungwa amefungwa alafu akasema anatoa taharifa jamani mbona Yesu haji Yesu akasema kawaambieni
Clip_153,mnayoyaona yanatokea alafu Yesu ana Yoana anauliza jamani hivi huyu indiye yule ajaye au tumun’goje mwingine Yohana wakenye ulimwengu wa mwili huyo
Clip_154,lakini Yohana yule aliyekuwa ndani ya mimba yule wakwenye Roho aliweza kutambua kuwa huyu ni Yesu na vitoto vikasalimiana maana yake nini kwenye ulimwengu wa Roho kuna nguvu
Clip_155,yakutambua mambo yasiyo tambulika na ndio maana wakati mwingine kuna vitu ukiona havieleweki switch batto field anza tu kunena kwa lugha anza tu kunena kwa lugha nena kwa lugha ahaaa
Clip_156,ahaaa utaona kuna vitu vinaanza kupanguka mbele yako na haujuhi vilikuwa vinapanguka katika jina la Yesu Kristo Mungu akakupe hiyo Neema kwa jina la Yesu haya twende kwenye andiko langu pale wakaanza kunena kw
Clip_157,wa lugha nini? Nyingine wakashangaa wote wakastahajabu wakaambiana tazama hawa wote wasemao si wagalilaya maanake hawa watu walikuwa ni wanini? Wagalilaya maana yake
Clip_158,ke walitalajiwa kuongea kinini? Ki-ga-li-la-ya lakini hawaongei kigalilaya wanasema maneno kwa lugha yao wale watu wanasha
Clip_159,ngaa nakutokea hapo sasa hatuwezi tukasoma yote kutokea hapo sasa ndo kinachotokea biblia inasema wakasema ya kwamba hawa watu wamelewa ona sasa angalia angalia
Clip_160,angalia jambo la hajabu linalotokea yani watu wanapofanya mambo hajabu yasiyozoeleka wanasema wamelewa maana yake hao watu walikuwa wanaamini ulevi una nguvu ya kumbadilisha mtu 
Clip_161,na ndio maana Paulo anasema tusilewe kwa mvinyo lakini tujazwe Roho maana yake ukifika kiwango cha kulewa na Roho mtakatifu kuna mambo ambayo yako juu ya 
Clip_162,akili yako utayafanya tutatembea mbele kidogo hapo utaona kinywa cha unabii sasa kinachotokea ndio hapa ambapo  baada ya kusema hawa watu wame
Clip_163,lewa ndio Petro sasa anainuka anawaambieni enyi watu wa Yerusalemu sikilizeni sio kwamba tumelewa maana ndio kwanza saa tatu sasahivi  saa tatu ya mchana 
Clip_164,anawaambia hivyo lakini kuwa kitu kimetokea ndio kwenye mstali wa kumi na sita na kumi na saba ndio Petro sasa anadhibitisha an
Clip_165,asema leo kilichotokea ndio kile kilichotabiliwa na nabii Yoeli miaka ya kwamba itakuwa siku za mwisho maana yake Roho mtakatifu aliposhuka tu ndio siku za mwi
Clip_166,sho zilianza jamani bwana Yesu asifiwe Roho mtakatifu aliposhuka tu ndio siku za mwisho zilipo fanyaje? Ndio zilianza ku operate kwenye kanisa kwahiyo sisi ndio maana linaitwa kanisa
Clip_167,la sikuu za mwisho kun ufahamu wako unafunguka hapo kuna ufahamu wako unafunguka 
Clip_168,hapa okay sawa kwahiyo tumesha elewa sasa tofauti hii ni siku siku za mwisho ni maana yake nini ni ule mwanzo wa kanisa la Yesu kristo kuanza kutokea ntakuja kufundisha siku ny
Clip_169,ine kwanini hili kanisa linapokuja kuu kuu ku kusimama hapa inaitwa siku za mwisho kwasabu hapa saa ya Israeli ime imesimama unakumbuka niliwahi kuwafundisha kwa habari ya majuma sabini ya Daniel niliwahi kuf
Clip_170,undisha nikasema kulikuwa kuna juma la kwanza tupo kwenye juma la sitini na tisa ambalo saa ya Israeli imesimama na kuna saa ya kanisa alafu baada ya kanisa kunyakuliwa saa ya kanisa itaondoka
Clip_171,saa ya Israeli ya juma la sabini itatokea kitabu cha Daniel tutaongea wakati mwingine turudi kwenye Roho mtakatifu kwenye nilichokuwa nakwambia hizi nisku za mwisho kwasababu ni saa hii ya kuendelea baada ya hapa
Clip_172,itakuja saa yakani ya Israeli na baada ya hapo itakuwa kanisa likisha nyakuliwa saa ya Israeli inakuwa imekuja na baada ya hapo tutaingia kwenye utawala wa miaka elfu moja na Yesu ayo mengine tutaongea wakati mwi
Clip_173,ngine turudi kwenye Roho mtakatifu sasa Roho mtakatifu ni nani? Roho mtakatifu ni nani? Kama unanielewa nitie moyo tu kwa Amen pale ulipo amen
Clip_174,Amen thank you Roho mtakatifu ni nani? Roho mtakatifu Roho mtakatifu 
Clip_175,ndiye anayesababisha matokeo ya kwenye ulimwengu wa Roho ni nguvu inayosababisha matokeo ya kwenye ulimwengu wa Roho kudhibitika kwenye ulimwe
Clip_176,ngu wa mwili Roho mtakatifu ni nguvu inayosababisha matokeo ya kwenye urimwengu wa Roho kuthibitika kwenye ulimwengu wa mwili ama mambo kwenye ulimwengu wa Roho
Clip_177,oh kuthibitika kwenye ulimwengu wa mwili ni nguvu nguvu inayojidalisha ni nguvu inayojizalisha in nguvu inayojizalisha Roho mtakatifu ni nguvu inayosababisha 
Clip_178,matokeo kwenye ulimwengu wa Roho kutokea kwenye ulimwengu wa mwili now sasa moja kati ya kitu ambacho kime  wakati mwingine kime
Clip_179,lifanya kanisa likatembea chini ya kiwango kwa mda mlefu nikuwa na tafsili nisiseme tafsili sio sahihi niseme
Clip_180,tafsili ndogo ya Roho mtakatifu okay naomba niulize swali hapo 
Clip_181,pa alafu mtu anijibu kazi ya Roho mtakatifu hasa ni nini? Yani ukiambiwa ya Roho mtakatifu ni nini? Ahhha kazi ya Roho mtaka
Clip_182,tifu ni nini? Haaha 
Clip_183,namu namu haaha anasema kazi ya Roho mtakatifu ni kufu kutufundisha kutufunulia mambo kututia nguvu na kadhalika 
Clip_184,si ndivyo? Na na na yuko sawa lakini Roho mtakatifu ni nini? Nimeshakwambia ni nguvu inayoleta matokeo 
Clip_185,kwenye maisha ya mwamini sio kwenye maisha ya kila siku kwenye maisha ya mwamini lakini Roho mtakatifu ni nini? Ni kitu kingine Roho mtakatifu ni ni urejesho wa pimzi ya Mungu
Clip_186,ngu ndani ya mwanadamu Roho mtakatifu ni urejesho wa pumzi ya uhai in mrejesho wa 
Clip_187,Hai wa kimungu ama pumzi ya Mungu ndani ya mwanadamu Roho mtakatifu ni urejesho wa Pumzi ya Mungu ndani ya mwanadamu na ninaposema pumzi ya Mun
Clip_188,gu ndani ya mwanadamu ninamaanisha Roho mtakatifu urejesho wa mwanadamu yule wa kwanza ambaye alipotea kitabu cha mwanzo sura yaa
Clip_189,aaa pili kitabu cha mwanzo sura ya pili ngoja nikupeleke hapa kitabu cha mwanzo sura ya piliukitaka unielewe kwenye somo hili usiwe na haraka kabisa 
Clip_190,utanielewa vizuri sana aya angalia kitabu cha mwanzo sura ya pili mstali wa saba nimekwambia ni urejesho wa pumzi ya Mungu ndani ya mwana
Clip_191,damu biblia inasema kitabu cha mwanzo sura ya pili mstali wa saba inasema Bwana Mungu akamfanya mtu katika mavumbi ya aridhi alafu biblia inasema akampulizia pu
Clip_192,ani pumzi ya uhai mwanadamu akawa no hii tafsili haiko sawa ss hii tafsili haiko sawa haitakiwi kuwa kiumbe hai inatakiwa kuwa na
Clip_193,fsi hai mwanadamu sio kiumbe hai mwanadamu ni nafsi hai inatakiwa kuwa mwanadamu akawa nafsi hai hii tafsili haiko wasa haitakiwi kuwa neno kiumbe hai mwana
Clip_194,damu akawa nafsi hai kwa sababu gani kiumbe hai kina sifa kuu tano si ndivyo? Wote tumesoma kiumbe hai kinazaliwa si ndivyo? Mwanadamu anazaliwa kiumbe hai kinakuwa 
Clip_195,mwanadamu anakuwa kiumbe hai kinakula mwanadamu anakula kiumbe hai kinajongea sifa ya tano kiumbe hai kinafanyaje? Kinakufa mwanadamu hafi!
Clip_196,n’tehetehete kwa maana jinsi hii Mungu aliupenda ulimwengu akamtoa mwanae
Clip_197,wa pekee ili kila amwaminie asipotee bali awe na nini? Sasa aliye okoka kama
Clip_198,kama kiumbe hai kinakufa na mwanadamu Yesu alipokuja akamfanya mtu awe na uzima wa milele niambie maanake unatoka kwenye sifa ya kuwa kiumbe hai maana wewe haufi! Wewe unatoka
Clip_199,katika mwili unaamia mahali kwingine ahahahaha si ndo tunaimbaga Elia tutamuona  wapendwa tu
Clip_200,kweli tunavyoimbabaga tunamaanishaga nini yani leo itakuwa ngumu kidogo lakini twende sawa tunapoimbaga kwamba tuonane tutaonana na wapendwa wetu
Clip_201,kwamba jamani tunaubili hapa kwa sitaki muwe na habari kwamba ninyi mtakao kufa katika kristo mtakuja mtafufuliwa kwanza ni kitu gani? Maana yake sisi tunao
Clip_202,ondoka unajua wewe mwanadamu ni nana? Mwanadamu ni Roho yenye nafsi inayoishi katika nyumba inayoitwa mwili
Clip_203,lakini mwanadamu sio mwili mwanadamu sio nafsi mwanadamu ni Roho Yohana nne pale ishirirni na moja mpaka ishirini na nane pale Mungu ni Roho nao wanao mwa
Clip_204,mwabudu yawapasa kumwabudu katika nini? Roho na kweli. Maana yake utamwabuduje Mungu aliye katika Roho na wkweli ikiwa wewe sio Roho
Clip_205,jamani bwana Yesu asifiwe kwahiyo mwanadamu hatakiwi kuwa kiumbe hai yes mwanadamu anakuwa nafsi hai ukisoma tafsili  yaaa
Clip_206,aaa yes ukisoma tafsili tafili sahihi kabisa inasema na mwanadamu akawa nafsi hai sasa angalia angalia angali kinachomfanya mwanadamu kuwa nafsi hai ni kwasababu
Clip_207,ya hile pumzi ya Mungu aliyopokea nini? Ndani yake lakini hapo mwanzo anasema bwana Mungu akamfanya mtu katika mavumbi ya arithi maana yake mwanadamu alipofanywa kwenye mavumbi ya arithi bado alikuwa
Clip_208,haja qualify kuwa nafsi hai kilicho mfanya mwanadamu kuwa nafsi hai sio mwili kwaiyo kilichotengenezwa kwenye mavumbi ya arithi ni nini? Ni mwili na ndio maana tunapasemaga tunasema kw
Clip_209,a udongo mwanadamu alikuja na kwaudongo atafanya je? Atarudi kwa mavumbi ulikuja na kwa mavumbi utarudi kwa sababu ule mwili ndo unarudi kwenye mavumbi lakini kilichomfanya mwanadamu
Clip_210,amu kuwa mwanadamu na kuitwa nafsi hai ni pale alipo pokea pumzi ya Mungu ndani yake ambayo hii tafsili nyingine ukisoma kwenye hilo neno anasema akampulizia
Clip_211,zia puani pumzi ya uhai anaandika anasema akampurizia Roho-wake jamani bwana Yesu asifiwe na ndio
Clip_212,omaana kinachotokea kwenye kitabu cha matendo ya mitume sura ya pili wakati Mungu anataka kulizaa kanisa bado kuna kitu kilekile Ishala ya Upepo
Clip_213,Ilitumika ukaenda ukavuma maana yake ikawa ni pumzi ya Mungu kupumua kupuliza kwenye kanisa Kanisa likawa nikanisa  Hai
Clip_214,kwa sababu limelejeshewa pumzi ya Mungu kupitia Roho wa Mu-n-gu maana yake sasa unapopokea Roho mtakatifu una
Clip_215,unapokea pumzi ya Mungu ileile iliyo potea unapookoka si unarejeshwa ukisha rejeshwa unarejeshwa kwa nini? Kwa kupokea pumzi ya Mungu ambayo ni Roho mtakatifu ndani yako
Clip_216,maana yake Roho mtakatifu akiingia ndani yako unarudi kwenye akili ile ya kwanza ya adamu ile ahaahaha na ndio maana Roho mtakatifu sio kifaa cha kuf
Clip_217,kufungia aombi katika jina la Mungu baba la mwana na la Roho mtakatifu Amen no no no no sio kifaa kifaa cha kufungia maombi  aya
Clip_218,ahahaah maana wengine Roho mtakatifu unamu experiace kwenye kufunga sala kwamba katika jina la Mungu baba na la mwana na la Roho mtakatifu no Roho mtakatifu ni zaidi ya hicho Roho mtakatifu ukielewa hizi dimentions
Clip_219,tions Roho mtakatifu maana yake nini? Roho mtakatifu maana yake ni Rekima ya Mungu iko nadani yako Roho mtakatifu maana yake pumzi ya Mungu ikondani yako Roho mtakatifu maana yake ni maharifa ya Mungu
Clip_220,yako ndani yako Roho mtakatifu maana yake ni neeha ya Mungu ndani yako fungua kitabu cha isaya sula ya kumi na moja nikuonyeshe bado tunaendelea ku define Roho mtakatifu ni nani
